{
  "auc_before_smote": 0.9561057776226218,
  "accuracy_before_smote": 0.9719676549865229,
  "recall_before_smote": 0.8058823529411765,
  "auc_after_smote": 0.9738610577762263,
  "accuracy_after_smote": 0.9266846361185984,
  "recall_after_smote": 0.9294117647058824
}