{
  "auc_before_smote": 0.9701274218886368,
  "accuracy_before_smote": 0.9735849056603774,
  "recall_before_smote": 0.8529411764705882,
  "auc_after_smote": 0.9694536568336535,
  "accuracy_after_smote": 0.955256064690027,
  "recall_after_smote": 0.8764705882352941
}