{
  "auc_before_smote": 0.9794588933496248,
  "accuracy_before_smote": 0.9752021563342318,
  "recall_before_smote": 0.8470588235294118,
  "auc_after_smote": 0.979640425903299,
  "accuracy_after_smote": 0.9444743935309973,
  "recall_after_smote": 0.9352941176470588
}