{
  "auc_before_smote": 0.9442590329900507,
  "accuracy_before_smote": 0.9752021563342318,
  "recall_before_smote": 0.8176470588235294,
  "auc_after_smote": 0.9690521906091814,
  "accuracy_after_smote": 0.9595687331536388,
  "recall_after_smote": 0.9235294117647059
}