{
  "auc_before_smote": 0.9778914295688602,
  "accuracy_before_smote": 0.9752021563342318,
  "recall_before_smote": 0.8588235294117647,
  "auc_after_smote": 0.9715587362541456,
  "accuracy_after_smote": 0.9590296495956874,
  "recall_after_smote": 0.8529411764705882
}